primary_category,secondary_category,subcategory,localization,query,distance,min_price,max_price,condition
elektronika,fotografia,obiektywy,Gdynia,sony,2,50,500,used
elektronika,fotografia,obiektywy,Gdynia,sony,2,50,500,new
elektronika,fotografia,obiektywy,Warszawa,canon,2,50,500,used
elektronika,fotografia,obiektywy,Warszawa,canon,2,50,500,new
elektronika,fotografia,obiektywy,Poznan,canon,2,50,500,used
elektronika,fotografia,obiektywy,Poznan,canon,2,50,500,new
elektronika,fotografia,obiektywy,Cieszyn,sony,2,50,500,used
elektronika,fotografia,obiektywy,Cieszyn,sony,2,50,500,new
elektronika,fotografia,obiektywy,Rzeszow,canon,2,50,500,used
elektronika,fotografia,obiektywy,Rzeszow,canon,2,50,500,new
elektronika,fotografia,obiektywy,Szczecin,canon,2,50,500,used
elektronika,fotografia,obiektywy,Szczecin,canon,2,50,500,new
elektronika,fotografia,obiektywy,Opole,canon,2,50,500,used
elektronika,fotografia,obiektywy,Opole,canon,2,50,500,new
elektronika,fotografia,obiektywy,Lodz,canon,2,50,500,used
elektronika,fotografia,obiektywy,Lodz,canon,2,50,500,new
elektronika,fotografia,obiektywy,Gdynia,sony,2,50,500,used
elektronika,fotografia,obiektywy,Gdynia,sony,2,50,500,new
elektronika,fotografia,obiektywy,Warszawa,canon,2,50,500,used
elektronika,fotografia,obiektywy,Warszawa,canon,2,50,500,new
elektronika,fotografia,obiektywy,Poznan,canon,2,50,500,used
elektronika,fotografia,obiektywy,Poznan,canon,2,50,500,new
elektronika,fotografia,obiektywy,Cieszyn,sony,2,50,500,used
elektronika,fotografia,obiektywy,Cieszyn,sony,2,50,500,new
elektronika,fotografia,obiektywy,Rzeszow,canon,2,50,500,used
elektronika,fotografia,obiektywy,Rzeszow,canon,2,50,500,new
elektronika,fotografia,obiektywy,Szczecin,canon,2,50,500,used
elektronika,fotografia,obiektywy,Szczecin,canon,2,50,500,new
elektronika,fotografia,obiektywy,Opole,canon,2,50,500,used
elektronika,fotografia,obiektywy,Opole,canon,2,50,500,new
elektronika,fotografia,obiektywy,Lodz,canon,2,50,500,used
elektronika,fotografia,obiektywy,Lodz,canon,2,50,500,new
elektronika,fotografia,obiektywy,Gdynia,sony,2,50,500,used
elektronika,fotografia,obiektywy,Gdynia,sony,2,50,500,new
elektronika,fotografia,obiektywy,Warszawa,canon,2,50,500,used
elektronika,fotografia,obiektywy,Warszawa,canon,2,50,500,new
elektronika,fotografia,obiektywy,Poznan,canon,2,50,500,used
elektronika,fotografia,obiektywy,Poznan,canon,2,50,500,new
elektronika,fotografia,obiektywy,Cieszyn,sony,2,50,500,used
elektronika,fotografia,obiektywy,Cieszyn,sony,2,50,500,new
elektronika,fotografia,obiektywy,Rzeszow,canon,2,50,500,used
elektronika,fotografia,obiektywy,Rzeszow,canon,2,50,500,new
elektronika,fotografia,obiektywy,Szczecin,canon,2,50,500,used
elektronika,fotografia,obiektywy,Szczecin,canon,2,50,500,new
elektronika,fotografia,obiektywy,Opole,canon,2,50,500,used
elektronika,fotografia,obiektywy,Opole,canon,2,50,500,new
elektronika,fotografia,obiektywy,Lodz,canon,2,50,500,used
elektronika,fotografia,obiektywy,Lodz,canon,2,50,500,new
elektronika,fotografia,obiektywy,Gdynia,sony,2,50,500,used
elektronika,fotografia,obiektywy,Gdynia,sony,2,50,500,new
elektronika,fotografia,obiektywy,Warszawa,canon,2,50,500,used
elektronika,fotografia,obiektywy,Warszawa,canon,2,50,500,new
elektronika,fotografia,obiektywy,Poznan,canon,2,50,500,used
elektronika,fotografia,obiektywy,Poznan,canon,2,50,500,new
elektronika,fotografia,obiektywy,Cieszyn,sony,2,50,500,used
elektronika,fotografia,obiektywy,Cieszyn,sony,2,50,500,new
elektronika,fotografia,obiektywy,Rzeszow,canon,2,50,500,used
elektronika,fotografia,obiektywy,Rzeszow,canon,2,50,500,new
elektronika,fotografia,obiektywy,Szczecin,canon,2,50,500,used
elektronika,fotografia,obiektywy,Szczecin,canon,2,50,500,new
elektronika,fotografia,obiektywy,Opole,canon,2,50,500,used
elektronika,fotografia,obiektywy,Opole,canon,2,50,500,new
elektronika,fotografia,obiektywy,Lodz,canon,2,50,500,used
elektronika,fotografia,obiektywy,Lodz,canon,2,50,500,new
elektronika,fotografia,obiektywy,Gdynia,sony,2,50,500,used
elektronika,fotografia,obiektywy,Gdynia,sony,2,50,500,new
elektronika,fotografia,obiektywy,Warszawa,canon,2,50,500,used
elektronika,fotografia,obiektywy,Warszawa,canon,2,50,500,new
elektronika,fotografia,obiektywy,Poznan,canon,2,50,500,used
elektronika,fotografia,obiektywy,Poznan,canon,2,50,500,new
elektronika,fotografia,obiektywy,Cieszyn,sony,2,50,500,used
elektronika,fotografia,obiektywy,Cieszyn,sony,2,50,500,new
elektronika,fotografia,obiektywy,Rzeszow,canon,2,50,500,used
elektronika,fotografia,obiektywy,Rzeszow,canon,2,50,500,new
elektronika,fotografia,obiektywy,Szczecin,canon,2,50,500,used
elektronika,fotografia,obiektywy,Szczecin,canon,2,50,500,new
elektronika,fotografia,obiektywy,Opole,canon,2,50,500,used
elektronika,fotografia,obiektywy,Opole,canon,2,50,500,new
elektronika,fotografia,obiektywy,Lodz,canon,2,50,500,used
elektronika,fotografia,obiektywy,Lodz,canon,2,50,500,new
elektronika,fotografia,obiektywy,Gdynia,sony,2,50,500,used
elektronika,fotografia,obiektywy,Gdynia,sony,2,50,500,new
elektronika,fotografia,obiektywy,Warszawa,canon,2,50,500,used
elektronika,fotografia,obiektywy,Warszawa,canon,2,50,500,new
elektronika,fotografia,obiektywy,Poznan,canon,2,50,500,used
elektronika,fotografia,obiektywy,Poznan,canon,2,50,500,new
elektronika,fotografia,obiektywy,Cieszyn,sony,2,50,500,used
elektronika,fotografia,obiektywy,Cieszyn,sony,2,50,500,new
elektronika,fotografia,obiektywy,Rzeszow,canon,2,50,500,used
elektronika,fotografia,obiektywy,Rzeszow,canon,2,50,500,new
elektronika,fotografia,obiektywy,Szczecin,canon,2,50,500,used
elektronika,fotografia,obiektywy,Szczecin,canon,2,50,500,new
elektronika,fotografia,obiektywy,Opole,canon,2,50,500,used
elektronika,fotografia,obiektywy,Opole,canon,2,50,500,new
elektronika,fotografia,obiektywy,Lodz,canon,2,50,500,used
elektronika,fotografia,obiektywy,Lodz,canon,2,50,500,new
elektronika,fotografia,obiektywy,Gdynia,sony,2,50,500,used
elektronika,fotografia,obiektywy,Gdynia,sony,2,50,500,new
elektronika,fotografia,obiektywy,Warszawa,canon,2,50,500,used
elektronika,fotografia,obiektywy,Warszawa,canon,2,50,500,new
elektronika,fotografia,obiektywy,Poznan,canon,2,50,500,used
elektronika,fotografia,obiektywy,Poznan,canon,2,50,500,new
elektronika,fotografia,obiektywy,Cieszyn,sony,2,50,500,used
elektronika,fotografia,obiektywy,Cieszyn,sony,2,50,500,new
elektronika,fotografia,obiektywy,Rzeszow,canon,2,50,500,used
elektronika,fotografia,obiektywy,Rzeszow,canon,2,50,500,new
elektronika,fotografia,obiektywy,Szczecin,canon,2,50,500,used
elektronika,fotografia,obiektywy,Szczecin,canon,2,50,500,new
elektronika,fotografia,obiektywy,Opole,canon,2,50,500,used
elektronika,fotografia,obiektywy,Opole,canon,2,50,500,new
elektronika,fotografia,obiektywy,Lodz,canon,2,50,500,used
elektronika,fotografia,obiektywy,Lodz,canon,2,50,500,new
elektronika,fotografia,obiektywy,Gdynia,sony,2,50,500,used
elektronika,fotografia,obiektywy,Gdynia,sony,2,50,500,new
elektronika,fotografia,obiektywy,Warszawa,canon,2,50,500,used
elektronika,fotografia,obiektywy,Warszawa,canon,2,50,500,new
elektronika,fotografia,obiektywy,Poznan,canon,2,50,500,used
elektronika,fotografia,obiektywy,Poznan,canon,2,50,500,new
elektronika,fotografia,obiektywy,Cieszyn,sony,2,50,500,used
elektronika,fotografia,obiektywy,Cieszyn,sony,2,50,500,new
elektronika,fotografia,obiektywy,Rzeszow,canon,2,50,500,used
elektronika,fotografia,obiektywy,Rzeszow,canon,2,50,500,new
elektronika,fotografia,obiektywy,Szczecin,canon,2,50,500,used
elektronika,fotografia,obiektywy,Szczecin,canon,2,50,500,new
elektronika,fotografia,obiektywy,Opole,canon,2,50,500,used
elektronika,fotografia,obiektywy,Opole,canon,2,50,500,new
elektronika,fotografia,obiektywy,Lodz,canon,2,50,500,used
elektronika,fotografia,obiektywy,Lodz,canon,2,50,500,new
elektronika,fotografia,obiektywy,Gdynia,sony,2,50,500,used
elektronika,fotografia,obiektywy,Gdynia,sony,2,50,500,new
elektronika,fotografia,obiektywy,Warszawa,canon,2,50,500,used
elektronika,fotografia,obiektywy,Warszawa,canon,2,50,500,new
elektronika,fotografia,obiektywy,Poznan,canon,2,50,500,used
elektronika,fotografia,obiektywy,Poznan,canon,2,50,500,new
elektronika,fotografia,obiektywy,Cieszyn,sony,2,50,500,used
elektronika,fotografia,obiektywy,Cieszyn,sony,2,50,500,new
elektronika,fotografia,obiektywy,Rzeszow,canon,2,50,500,used
elektronika,fotografia,obiektywy,Rzeszow,canon,2,50,500,new
elektronika,fotografia,obiektywy,Szczecin,canon,2,50,500,used
elektronika,fotografia,obiektywy,Szczecin,canon,2,50,500,new
elektronika,fotografia,obiektywy,Opole,canon,2,50,500,used
elektronika,fotografia,obiektywy,Opole,canon,2,50,500,new
elektronika,fotografia,obiektywy,Lodz,canon,2,50,500,used
elektronika,fotografia,obiektywy,Lodz,canon,2,50,500,new
elektronika,fotografia,obiektywy,Gdynia,sony,2,50,500,used
elektronika,fotografia,obiektywy,Gdynia,sony,2,50,500,new
elektronika,fotografia,obiektywy,Warszawa,canon,2,50,500,used
elektronika,fotografia,obiektywy,Warszawa,canon,2,50,500,new
elektronika,fotografia,obiektywy,Poznan,canon,2,50,500,used
elektronika,fotografia,obiektywy,Poznan,canon,2,50,500,new
elektronika,fotografia,obiektywy,Cieszyn,sony,2,50,500,used
elektronika,fotografia,obiektywy,Cieszyn,sony,2,50,500,new
elektronika,fotografia,obiektywy,Rzeszow,canon,2,50,500,used
elektronika,fotografia,obiektywy,Rzeszow,canon,2,50,500,new
elektronika,fotografia,obiektywy,Szczecin,canon,2,50,500,used
elektronika,fotografia,obiektywy,Szczecin,canon,2,50,500,new
elektronika,fotografia,obiektywy,Opole,canon,2,50,500,used
elektronika,fotografia,obiektywy,Opole,canon,2,50,500,new
elektronika,fotografia,obiektywy,Lodz,canon,2,50,500,used
elektronika,fotografia,obiektywy,Lodz,canon,2,50,500,new
elektronika,fotografia,obiektywy,Gdynia,sony,2,50,500,used
elektronika,fotografia,obiektywy,Gdynia,sony,2,50,500,new
elektronika,fotografia,obiektywy,Warszawa,canon,2,50,500,used
elektronika,fotografia,obiektywy,Warszawa,canon,2,50,500,new
elektronika,fotografia,obiektywy,Poznan,canon,2,50,500,used
elektronika,fotografia,obiektywy,Poznan,canon,2,50,500,new
elektronika,fotografia,obiektywy,Cieszyn,sony,2,50,500,used
elektronika,fotografia,obiektywy,Cieszyn,sony,2,50,500,new
elektronika,fotografia,obiektywy,Rzeszow,canon,2,50,500,used
elektronika,fotografia,obiektywy,Rzeszow,canon,2,50,500,new
elektronika,fotografia,obiektywy,Szczecin,canon,2,50,500,used
elektronika,fotografia,obiektywy,Szczecin,canon,2,50,500,new
elektronika,fotografia,obiektywy,Opole,canon,2,50,500,used
elektronika,fotografia,obiektywy,Opole,canon,2,50,500,new
elektronika,fotografia,obiektywy,Lodz,canon,2,50,500,used
elektronika,fotografia,obiektywy,Lodz,canon,2,50,500,new
elektronika,fotografia,obiektywy,Gdynia,sony,2,50,500,used
elektronika,fotografia,obiektywy,Gdynia,sony,2,50,500,new
elektronika,fotografia,obiektywy,Warszawa,canon,2,50,500,used
elektronika,fotografia,obiektywy,Warszawa,canon,2,50,500,new
elektronika,fotografia,obiektywy,Poznan,canon,2,50,500,used
elektronika,fotografia,obiektywy,Poznan,canon,2,50,500,new
elektronika,fotografia,obiektywy,Cieszyn,sony,2,50,500,used
elektronika,fotografia,obiektywy,Cieszyn,sony,2,50,500,new
elektronika,fotografia,obiektywy,Rzeszow,canon,2,50,500,used
elektronika,fotografia,obiektywy,Rzeszow,canon,2,50,500,new
elektronika,fotografia,obiektywy,Szczecin,canon,2,50,500,used
elektronika,fotografia,obiektywy,Szczecin,canon,2,50,500,new
elektronika,fotografia,obiektywy,Opole,canon,2,50,500,used
elektronika,fotografia,obiektywy,Opole,canon,2,50,500,new
elektronika,fotografia,obiektywy,Lodz,canon,2,50,500,used
elektronika,fotografia,obiektywy,Lodz,canon,2,50,500,new
elektronika,fotografia,obiektywy,Gdynia,sony,2,50,500,used
elektronika,fotografia,obiektywy,Gdynia,sony,2,50,500,new
elektronika,fotografia,obiektywy,Warszawa,canon,2,50,500,used
elektronika,fotografia,obiektywy,Warszawa,canon,2,50,500,new
elektronika,fotografia,obiektywy,Poznan,canon,2,50,500,used
elektronika,fotografia,obiektywy,Poznan,canon,2,50,500,new
elektronika,fotografia,obiektywy,Cieszyn,sony,2,50,500,used
elektronika,fotografia,obiektywy,Cieszyn,sony,2,50,500,new
elektronika,fotografia,obiektywy,Rzeszow,canon,2,50,500,used
elektronika,fotografia,obiektywy,Rzeszow,canon,2,50,500,new
elektronika,fotografia,obiektywy,Szczecin,canon,2,50,500,used
elektronika,fotografia,obiektywy,Szczecin,canon,2,50,500,new
elektronika,fotografia,obiektywy,Opole,canon,2,50,500,used
elektronika,fotografia,obiektywy,Opole,canon,2,50,500,new
elektronika,fotografia,obiektywy,Lodz,canon,2,50,500,used
elektronika,fotografia,obiektywy,Lodz,canon,2,50,500,new
elektronika,fotografia,obiektywy,Gdynia,sony,2,50,500,used
elektronika,fotografia,obiektywy,Gdynia,sony,2,50,500,new
elektronika,fotografia,obiektywy,Warszawa,canon,2,50,500,used
elektronika,fotografia,obiektywy,Warszawa,canon,2,50,500,new
elektronika,fotografia,obiektywy,Poznan,canon,2,50,500,used
elektronika,fotografia,obiektywy,Poznan,canon,2,50,500,new
elektronika,fotografia,obiektywy,Cieszyn,sony,2,50,500,used
elektronika,fotografia,obiektywy,Cieszyn,sony,2,50,500,new
elektronika,fotografia,obiektywy,Rzeszow,canon,2,50,500,used
elektronika,fotografia,obiektywy,Rzeszow,canon,2,50,500,new
elektronika,fotografia,obiektywy,Szczecin,canon,2,50,500,used
elektronika,fotografia,obiektywy,Szczecin,canon,2,50,500,new
elektronika,fotografia,obiektywy,Opole,canon,2,50,500,used
elektronika,fotografia,obiektywy,Opole,canon,2,50,500,new
elektronika,fotografia,obiektywy,Lodz,canon,2,50,500,used
elektronika,fotografia,obiektywy,Lodz,canon,2,50,500,new
elektronika,fotografia,obiektywy,Gdynia,sony,2,50,500,used
elektronika,fotografia,obiektywy,Gdynia,sony,2,50,500,new
elektronika,fotografia,obiektywy,Warszawa,canon,2,50,500,used
elektronika,fotografia,obiektywy,Warszawa,canon,2,50,500,new
elektronika,fotografia,obiektywy,Poznan,canon,2,50,500,used
elektronika,fotografia,obiektywy,Poznan,canon,2,50,500,new
elektronika,fotografia,obiektywy,Cieszyn,sony,2,50,500,used
elektronika,fotografia,obiektywy,Cieszyn,sony,2,50,500,new
elektronika,fotografia,obiektywy,Rzeszow,canon,2,50,500,used
elektronika,fotografia,obiektywy,Rzeszow,canon,2,50,500,new
elektronika,fotografia,obiektywy,Szczecin,canon,2,50,500,used
elektronika,fotografia,obiektywy,Szczecin,canon,2,50,500,new
elektronika,fotografia,obiektywy,Opole,canon,2,50,500,used
elektronika,fotografia,obiektywy,Opole,canon,2,50,500,new
elektronika,fotografia,obiektywy,Lodz,canon,2,50,500,used
elektronika,fotografia,obiektywy,Lodz,canon,2,50,500,new
elektronika,fotografia,obiektywy,Gdynia,sony,2,50,500,used
elektronika,fotografia,obiektywy,Gdynia,sony,2,50,500,new
elektronika,fotografia,obiektywy,Warszawa,canon,2,50,500,used
elektronika,fotografia,obiektywy,Warszawa,canon,2,50,500,new
elektronika,fotografia,obiektywy,Poznan,canon,2,50,500,used
elektronika,fotografia,obiektywy,Poznan,canon,2,50,500,new
elektronika,fotografia,obiektywy,Cieszyn,sony,2,50,500,used
elektronika,fotografia,obiektywy,Cieszyn,sony,2,50,500,new
elektronika,fotografia,obiektywy,Rzeszow,canon,2,50,500,used
elektronika,fotografia,obiektywy,Rzeszow,canon,2,50,500,new
elektronika,fotografia,obiektywy,Szczecin,canon,2,50,500,used
elektronika,fotografia,obiektywy,Szczecin,canon,2,50,500,new
elektronika,fotografia,obiektywy,Opole,canon,2,50,500,used
elektronika,fotografia,obiektywy,Opole,canon,2,50,500,new
elektronika,fotografia,obiektywy,Lodz,canon,2,50,500,used
elektronika,fotografia,obiektywy,Lodz,canon,2,50,500,new
elektronika,fotografia,obiektywy,Gdynia,sony,2,50,500,used
elektronika,fotografia,obiektywy,Gdynia,sony,2,50,500,new
elektronika,fotografia,obiektywy,Warszawa,canon,2,50,500,used
elektronika,fotografia,obiektywy,Warszawa,canon,2,50,500,new
elektronika,fotografia,obiektywy,Poznan,canon,2,50,500,used
elektronika,fotografia,obiektywy,Poznan,canon,2,50,500,new
elektronika,fotografia,obiektywy,Cieszyn,sony,2,50,500,used
elektronika,fotografia,obiektywy,Cieszyn,sony,2,50,500,new
elektronika,fotografia,obiektywy,Rzeszow,canon,2,50,500,used
elektronika,fotografia,obiektywy,Rzeszow,canon,2,50,500,new
elektronika,fotografia,obiektywy,Szczecin,canon,2,50,500,used
elektronika,fotografia,obiektywy,Szczecin,canon,2,50,500,new
elektronika,fotografia,obiektywy,Opole,canon,2,50,500,used
elektronika,fotografia,obiektywy,Opole,canon,2,50,500,new
elektronika,fotografia,obiektywy,Lodz,canon,2,50,500,used
elektronika,fotografia,obiektywy,Lodz,canon,2,50,500,new
elektronika,fotografia,obiektywy,Gdynia,sony,2,50,500,used
elektronika,fotografia,obiektywy,Gdynia,sony,2,50,500,new
elektronika,fotografia,obiektywy,Warszawa,canon,2,50,500,used
elektronika,fotografia,obiektywy,Warszawa,canon,2,50,500,new
elektronika,fotografia,obiektywy,Poznan,canon,2,50,500,used
elektronika,fotografia,obiektywy,Poznan,canon,2,50,500,new
elektronika,fotografia,obiektywy,Cieszyn,sony,2,50,500,used
elektronika,fotografia,obiektywy,Cieszyn,sony,2,50,500,new
elektronika,fotografia,obiektywy,Rzeszow,canon,2,50,500,used
elektronika,fotografia,obiektywy,Rzeszow,canon,2,50,500,new
elektronika,fotografia,obiektywy,Szczecin,canon,2,50,500,used
elektronika,fotografia,obiektywy,Szczecin,canon,2,50,500,new
elektronika,fotografia,obiektywy,Opole,canon,2,50,500,used
elektronika,fotografia,obiektywy,Opole,canon,2,50,500,new
elektronika,fotografia,obiektywy,Lodz,canon,2,50,500,used
elektronika,fotografia,obiektywy,Lodz,canon,2,50,500,new
elektronika,fotografia,obiektywy,Gdynia,sony,2,50,500,used
elektronika,fotografia,obiektywy,Gdynia,sony,2,50,500,new
elektronika,fotografia,obiektywy,Warszawa,canon,2,50,500,used
elektronika,fotografia,obiektywy,Warszawa,canon,2,50,500,new
elektronika,fotografia,obiektywy,Poznan,canon,2,50,500,used
elektronika,fotografia,obiektywy,Poznan,canon,2,50,500,new
elektronika,fotografia,obiektywy,Cieszyn,sony,2,50,500,used
elektronika,fotografia,obiektywy,Cieszyn,sony,2,50,500,new
elektronika,fotografia,obiektywy,Rzeszow,canon,2,50,500,used
elektronika,fotografia,obiektywy,Rzeszow,canon,2,50,500,new
elektronika,fotografia,obiektywy,Szczecin,canon,2,50,500,used
elektronika,fotografia,obiektywy,Szczecin,canon,2,50,500,new
elektronika,fotografia,obiektywy,Opole,canon,2,50,500,used
elektronika,fotografia,obiektywy,Opole,canon,2,50,500,new
elektronika,fotografia,obiektywy,Lodz,canon,2,50,500,used
elektronika,fotografia,obiektywy,Lodz,canon,2,50,500,new
elektronika,fotografia,obiektywy,Gdynia,sony,2,50,500,used
elektronika,fotografia,obiektywy,Gdynia,sony,2,50,500,new
elektronika,fotografia,obiektywy,Warszawa,canon,2,50,500,used
elektronika,fotografia,obiektywy,Warszawa,canon,2,50,500,new
elektronika,fotografia,obiektywy,Poznan,canon,2,50,500,used
elektronika,fotografia,obiektywy,Poznan,canon,2,50,500,new
elektronika,fotografia,obiektywy,Cieszyn,sony,2,50,500,used
elektronika,fotografia,obiektywy,Cieszyn,sony,2,50,500,new
elektronika,fotografia,obiektywy,Rzeszow,canon,2,50,500,used
elektronika,fotografia,obiektywy,Rzeszow,canon,2,50,500,new
elektronika,fotografia,obiektywy,Szczecin,canon,2,50,500,used
elektronika,fotografia,obiektywy,Szczecin,canon,2,50,500,new
elektronika,fotografia,obiektywy,Opole,canon,2,50,500,used
elektronika,fotografia,obiektywy,Opole,canon,2,50,500,new
elektronika,fotografia,obiektywy,Lodz,canon,2,50,500,used
elektronika,fotografia,obiektywy,Lodz,canon,2,50,500,new
elektronika,fotografia,obiektywy,Gdynia,sony,2,50,500,used
elektronika,fotografia,obiektywy,Gdynia,sony,2,50,500,new
elektronika,fotografia,obiektywy,Warszawa,canon,2,50,500,used
elektronika,fotografia,obiektywy,Warszawa,canon,2,50,500,new
elektronika,fotografia,obiektywy,Poznan,canon,2,50,500,used
elektronika,fotografia,obiektywy,Poznan,canon,2,50,500,new
elektronika,fotografia,obiektywy,Cieszyn,sony,2,50,500,used
elektronika,fotografia,obiektywy,Cieszyn,sony,2,50,500,new
elektronika,fotografia,obiektywy,Rzeszow,canon,2,50,500,used
elektronika,fotografia,obiektywy,Rzeszow,canon,2,50,500,new
elektronika,fotografia,obiektywy,Szczecin,canon,2,50,500,used
elektronika,fotografia,obiektywy,Szczecin,canon,2,50,500,new
elektronika,fotografia,obiektywy,Opole,canon,2,50,500,used
elektronika,fotografia,obiektywy,Opole,canon,2,50,500,new
elektronika,fotografia,obiektywy,Lodz,canon,2,50,500,used
elektronika,fotografia,obiektywy,Lodz,canon,2,50,500,new
elektronika,fotografia,obiektywy,Gdynia,sony,2,50,500,used
elektronika,fotografia,obiektywy,Gdynia,sony,2,50,500,new
elektronika,fotografia,obiektywy,Warszawa,canon,2,50,500,used
elektronika,fotografia,obiektywy,Warszawa,canon,2,50,500,new
elektronika,fotografia,obiektywy,Poznan,canon,2,50,500,used
elektronika,fotografia,obiektywy,Poznan,canon,2,50,500,new
elektronika,fotografia,obiektywy,Cieszyn,sony,2,50,500,used
elektronika,fotografia,obiektywy,Cieszyn,sony,2,50,500,new
elektronika,fotografia,obiektywy,Rzeszow,canon,2,50,500,used
elektronika,fotografia,obiektywy,Rzeszow,canon,2,50,500,new
elektronika,fotografia,obiektywy,Szczecin,canon,2,50,500,used
elektronika,fotografia,obiektywy,Szczecin,canon,2,50,500,new
elektronika,fotografia,obiektywy,Opole,canon,2,50,500,used
elektronika,fotografia,obiektywy,Opole,canon,2,50,500,new
elektronika,fotografia,obiektywy,Lodz,canon,2,50,500,used
elektronika,fotografia,obiektywy,Lodz,canon,2,50,500,new
elektronika,fotografia,obiektywy,Gdynia,sony,2,50,500,used
elektronika,fotografia,obiektywy,Gdynia,sony,2,50,500,new
elektronika,fotografia,obiektywy,Warszawa,canon,2,50,500,used
elektronika,fotografia,obiektywy,Warszawa,canon,2,50,500,new
elektronika,fotografia,obiektywy,Poznan,canon,2,50,500,used
elektronika,fotografia,obiektywy,Poznan,canon,2,50,500,new
elektronika,fotografia,obiektywy,Cieszyn,sony,2,50,500,used
elektronika,fotografia,obiektywy,Cieszyn,sony,2,50,500,new
elektronika,fotografia,obiektywy,Rzeszow,canon,2,50,500,used
elektronika,fotografia,obiektywy,Rzeszow,canon,2,50,500,new
elektronika,fotografia,obiektywy,Szczecin,canon,2,50,500,used
elektronika,fotografia,obiektywy,Szczecin,canon,2,50,500,new
elektronika,fotografia,obiektywy,Opole,canon,2,50,500,used
elektronika,fotografia,obiektywy,Opole,canon,2,50,500,new
elektronika,fotografia,obiektywy,Lodz,canon,2,50,500,used
elektronika,fotografia,obiektywy,Lodz,canon,2,50,500,new
elektronika,fotografia,obiektywy,Gdynia,sony,2,50,500,used
elektronika,fotografia,obiektywy,Gdynia,sony,2,50,500,new
elektronika,fotografia,obiektywy,Warszawa,canon,2,50,500,used
elektronika,fotografia,obiektywy,Warszawa,canon,2,50,500,new
elektronika,fotografia,obiektywy,Poznan,canon,2,50,500,used
elektronika,fotografia,obiektywy,Poznan,canon,2,50,500,new
elektronika,fotografia,obiektywy,Cieszyn,sony,2,50,500,used
elektronika,fotografia,obiektywy,Cieszyn,sony,2,50,500,new
elektronika,fotografia,obiektywy,Rzeszow,canon,2,50,500,used
elektronika,fotografia,obiektywy,Rzeszow,canon,2,50,500,new
elektronika,fotografia,obiektywy,Szczecin,canon,2,50,500,used
elektronika,fotografia,obiektywy,Szczecin,canon,2,50,500,new
elektronika,fotografia,obiektywy,Opole,canon,2,50,500,used
elektronika,fotografia,obiektywy,Opole,canon,2,50,500,new
elektronika,fotografia,obiektywy,Lodz,canon,2,50,500,used
elektronika,fotografia,obiektywy,Lodz,canon,2,50,500,new
elektronika,fotografia,obiektywy,Gdynia,sony,2,50,500,used
elektronika,fotografia,obiektywy,Gdynia,sony,2,50,500,new
elektronika,fotografia,obiektywy,Warszawa,canon,2,50,500,used
elektronika,fotografia,obiektywy,Warszawa,canon,2,50,500,new
elektronika,fotografia,obiektywy,Poznan,canon,2,50,500,used
elektronika,fotografia,obiektywy,Poznan,canon,2,50,500,new
elektronika,fotografia,obiektywy,Cieszyn,sony,2,50,500,used
elektronika,fotografia,obiektywy,Cieszyn,sony,2,50,500,new
elektronika,fotografia,obiektywy,Rzeszow,canon,2,50,500,used
elektronika,fotografia,obiektywy,Rzeszow,canon,2,50,500,new
elektronika,fotografia,obiektywy,Szczecin,canon,2,50,500,used
elektronika,fotografia,obiektywy,Szczecin,canon,2,50,500,new
elektronika,fotografia,obiektywy,Opole,canon,2,50,500,used
elektronika,fotografia,obiektywy,Opole,canon,2,50,500,new
elektronika,fotografia,obiektywy,Lodz,canon,2,50,500,used
elektronika,fotografia,obiektywy,Lodz,canon,2,50,500,new
