851137364,Obiektyw Helios 44M-4 2/58,100 zł,nie do negocjacji,Używane,Karczowiska,26 lipca 2023
809180732,obiektyw Helios-44m-4,100 zł,nie do negocjacji,Używane,Węgrów,22 lipca 2023
840588459,HELIOS 44M4 na gwint M42 z dekielkiem gornym i dolnym,94 zł,nie do negocjacji,Używane,Dąbrowa Górnicza,08 lipca 2023
690917559,SAMYANG Lens station dla obiektywów SONY E,199 zł,nie do negocjacji,Nowe,Rybnik,Dzisiaj o 12:36
811299446,Zestaw Sony α100,200 zł,nie do negocjacji,Używane,Kuźnia Raciborska,27 lipca 2023
850709946,Obiektyw do Sony E FE Jupiter 8 50mm F2 ostry,105 zł,nie do negocjacji,Używane,Żory,25 lipca 2023
729177252,Aparaty sony i fujifilm,150 zł,nie do negocjacji,Używane,Gostyń,25 lipca 2023
725793802,Obiektyw Sony wraz z przejściówką,190 zł,do negocjacji,Używane,Jastrzębie-Zdrój,24 lipca 2023
823308058,Wyzwalacz błysku / NADAJNIK + ODBIORNIK / Bezprzewodowy / 4-kanały,"99,99 zł",nie do negocjacji,Nowe,Rybnik,23 lipca 2023
839312958,Bateria Sony Np-F960,135 zł,nie do negocjacji,Nowe,Rybnik,Odświeżono dnia 21 lipca 2023
839312967,Bateria Sony Np-Fv70,91 zł,nie do negocjacji,Nowe,Rybnik,Odświeżono dnia 21 lipca 2023
839312961,Bateria Sony Np-Fm500H,124 zł,nie do negocjacji,Nowe,Rybnik,Odświeżono dnia 21 lipca 2023
802654306,Pilot RW-283 do Sony,150 zł,nie do negocjacji,Nowe,Żory,21 lipca 2023
823434511,Obiektyw Konica Minolta AF 70-210 mm f/4.5-5.6 II,200 zł,nie do negocjacji,Używane,Golasowice,20 lipca 2023
220257851,Sony DSC-H2 Cyber-shot - cyfrowy aparat fotograficzny,100 zł,nie do negocjacji,Używane,Ustroń,19 lipca 2023
780244889,torba na apartat Sony LCS-SC8 Alpha Alfa,180 zł,do negocjacji,Nowe,Cieszyn,19 lipca 2023
833979335,Futerał etui silikon case aparat Sony body | A7 III A7R3 A7 Mark III,68 zł,do negocjacji,Nowe,"Orzesze, Centrum",16 lipca 2023
845801528,Tele konwerter Sony,100 zł,nie do negocjacji,Nowe,Stanowice,15 lipca 2023
733213085,Aparat Sony DSC-W50,200 zł,nie do negocjacji,Używane,Goczałkowice-Zdrój,14 lipca 2023
842040341,Neewer TT560 Flash Speedlite,200 zł,nie do negocjacji,Nowe,"Katowice, Ligota-Panewniki",14 lipca 2023
810762217,"SONY Cashback 450zł na obiektyw, kod",100 zł,nie do negocjacji,Nowe,Czerwionka-Leszczyny,11 lipca 2023
828111794,Obiektyw Sony DT 3.5-5.6/18-55 SAM II,90 zł,nie do negocjacji,Używane,"Katowice, Ligota-Panewniki",11 lipca 2023
806342111,"LCS-EMC Torba na aparat Sony alpha, mała",100 zł,nie do negocjacji,Nowe,Knurów,05 lipca 2023
806212283,Zasilacz ładowarka SONY AC-UB10D + kabel TYPE3,50 zł,do negocjacji,Używane,"Katowice, Ligota-Panewniki",05 lipca 2023
846690681,Aparat cyfrowy Sony Cyber-shot DSC-H300 Czarny,100 zł,nie do negocjacji,Uszkodzone,Racibórz,05 lipca 2023
678150755,Aparat SONY DCS-W830,100 zł,nie do negocjacji,Używane,"Orzesze, Centrum",04 lipca 2023
706578656,"Ładowarka do baterii, aparatów i kamer SONY .",70 zł,nie do negocjacji,Używane,Pawłowice,02 lipca 2023
812055135,Aparat Fotograficzny SONY Cyber-Shot DSC-HX1,80 zł,nie do negocjacji,Używane,"Katowice, Ligota-Panewniki",01 lipca 2023
662246903,Sony VF-520K zestaw filtrów,129 zł,nie do negocjacji,Używane,Żory,28 czerwca 2023
851454497,Karta pamięci Sony PS Vita 16gb,80 zł,nie do negocjacji,Używane,Żory,Dzisiaj o 10:45
812327016,Akumulator Do Sony Bp-Hp550-11 Mdr-Rf860 700Mah,86 zł,nie do negocjacji,Nowe,Rybnik,Odświeżono Dzisiaj o 03:00
814219875,ORYGINALNY Pad PS4 kontroler Dualshock,189 zł,nie do negocjacji,Używane,Bąków,Odświeżono Dzisiaj o 01:16
851361613,Sony DualShock 4 Red Camouflage,70 zł,nie do negocjacji,Uszkodzone,Zebrzydowice,27 lipca 2023
851333024,Wieża Sony fwm185 + pilot gratis,60 zł,do negocjacji,Uszkodzone,Skrbeńsko,27 lipca 2023
844885199,wieża sony - używana,170 zł,nie do negocjacji,Używane,Tychy,27 lipca 2023
812025881,Bateria Sony Fw50 Nex-3 Nex3 Nex5 Nex-5 1080Mah,124 zł,nie do negocjacji,Nowe,Rybnik,Odświeżono dnia 27 lipca 2023
629692865,Kolumny podłogowe Sony,90 zł,do negocjacji,Używane,Pruchna,27 lipca 2023
851268854,"Głośniki, kolumienki Sony SS-CCP500",160 zł,nie do negocjacji,Używane,Jastrzębie-Zdrój,27 lipca 2023
663259553,Stary telewizor Sony +pilot,50 zł,nie do negocjacji,Używane,Rybnik,27 lipca 2023
849702996,Kubek PlayStation,50 zł,nie do negocjacji,Nowe,"Mikołów, Borowa Wieś",Odświeżono dnia 27 lipca 2023
849702002,Kubek PlayStation DualSense,50 zł,nie do negocjacji,Nowe,"Mikołów, Borowa Wieś",Odświeżono dnia 27 lipca 2023
682753846,Sony stopa noga podstawa nóżka LCD plazma Led Sony wysyłka,59 zł,do negocjacji,Używane,Rybnik,27 lipca 2023
851184006,Gra Final Fantasy VII Platinum - PS1 PSX,70 zł,do negocjacji,Używane,Jastrzębie-Zdrój,27 lipca 2023
812025227,"Bateria Sony Cyber-Shot Np-Bg1 3,6V T20 H3 H10",69 zł,nie do negocjacji,Nowe,Rybnik,Odświeżono dnia 27 lipca 2023
844764409,Konsola SONY SCPH-102,80 zł,nie do negocjacji,Używane,Strumień,27 lipca 2023
802589972,Kabel Do Emulatora Zmieniarki Peiying Sony,58 zł,nie do negocjacji,Nowe,Rybnik,Odświeżono dnia 27 lipca 2023
812025812,Bateria Sony Np-Fc10 Fc11 Dsc-P2 P9 Fx77 780Mah,69 zł,nie do negocjacji,Nowe,Rybnik,Odświeżono dnia 27 lipca 2023
812026572,Bateria Sony Xperia Ba600 Oryginał U St25I P Lt22I,69 zł,nie do negocjacji,Nowe,Rybnik,Odświeżono dnia 27 lipca 2023
812025834,Bateria Sony Np-Fp90 Hc40 Hc60 2200Mah,91 zł,nie do negocjacji,Nowe,Rybnik,Odświeżono dnia 27 lipca 2023
704127894,Wideorejestrator FullHD VORDON DVR-340 Metal,180 zł,nie do negocjacji,Używane,Cieszyn,26 lipca 2023
825169891,ORYGINALNY Pad kontroler Dualshock 4 do konsoli SONY Playstation 4,199 zł,nie do negocjacji,Używane,Zbytków,26 lipca 2023
851167439,Sony z1 uszkodzony gniazdo sim,100 zł,nie do negocjacji,Uszkodzone,Cieszyn,26 lipca 2023
826915103,Sony M4 AQUA Biały,200 zł,do negocjacji,Używane,"Mikołów, Bujaków",26 lipca 2023
717013748,Tekken 5 - Play station 2,55 zł,nie do negocjacji,Używane,Wodzisław Śląski,26 lipca 2023
812026309,Bateria Sony Ericsson Bst-30 Oryg K500 K700 J210I,69 zł,nie do negocjacji,Nowe,Rybnik,26 lipca 2023
802980524,Wyświetlacz Lcd Sony Xperia E C1505,91 zł,nie do negocjacji,Nowe,Rybnik,26 lipca 2023
812025821,Bateria Sony Np-Fe1 Dsc-T7 450Mah,53 zł,nie do negocjacji,Nowe,Rybnik,26 lipca 2023
812026302,Bateria Sony Ericsson Bst-22 Oryginał T300 T310,58 zł,nie do negocjacji,Nowe,Rybnik,26 lipca 2023
812027652,"Bateria Akumulator Panasonic Hhr-P401 3,6V",58 zł,nie do negocjacji,Nowe,Rybnik,26 lipca 2023
812027371,Bateria Sony Xperia S Lt26I Arc Hd Sp50Kera10 Oryg,69 zł,nie do negocjacji,Nowe,Rybnik,26 lipca 2023
812027378,Bateria Sony Xperia Z3+ Z4 Lis1579Erpc Oryginał,80 zł,nie do negocjacji,Nowe,Rybnik,26 lipca 2023
812025844,Bateria Sony Np-Ft1 T1 T3 T5 T9 T10 T11 680Mah,53 zł,nie do negocjacji,Nowe,Rybnik,26 lipca 2023
812025250,Bateria Sony F550 F330 Sony 2200Mah,113 zł,nie do negocjacji,Nowe,Rybnik,26 lipca 2023
812026807,Bateria Sony Ba900 St268 Xperia J L M Oryginał,69 zł,nie do negocjacji,Nowe,Rybnik,26 lipca 2023
812026867,Bateria Sony Lis1499Erpc Xperia T,69 zł,nie do negocjacji,Nowe,Rybnik,26 lipca 2023
802980887,Digitizer Sony Xperia M2 Aqua D2403 D2406 Biały,91 zł,nie do negocjacji,Nowe,Rybnik,26 lipca 2023
851092727,Wieża Sony HCD-EH25,150 zł,nie do negocjacji,Używane,Tychy,26 lipca 2023
812027144,Bateria Sony Lis1502Erpc Z C6603 L36H L36I Oryg,69 zł,nie do negocjacji,Nowe,Rybnik,26 lipca 2023
668794434,Sony Xperia T3 5'3 cala,55 zł,do negocjacji,Używane,"Katowice, Piotrowice-Ochojec",26 lipca 2023
